{"area_multipliers": {"Manhattan": 1.2, "Brooklyn": 1.0, "Queens": 0.8, "Bronx": 0.6, "Staten Island": 0.7}, "seasonal_multipliers": {"Winter": 0.65, "Spring": 0.9, "Summer": 1.23, "Fall": 0.87}, "base_bookings": 103.44087363384361, "base_price": 625.2666595159624, "metrics": {"mae": 7.095381172298073, "rmse": 7.734283649259709, "mape": 5.6799030605512355, "holdout_months": 12}, "trained_at": "2025-09-30T08:18:55.206958Z"}